Date,Max Temp,Min Temp,Precip (in.),Snowfall (in.),Total Precip (in.),Daily Mean AQI,Daily Mean PM2.5 (ug/m^3)
1/1/2016,35,6,0,0,0,51,12.3
1/2/2016,41,16,0,0,0,21,5.1
1/3/2016,46,15,0,0,0,57,14.8
1/4/2016,45,18,0,0,0,83,27.4
1/5/2016,45,23,0,0,0,59,15.9
1/6/2016,46,19,0,0,0,47,11.3
1/7/2016,35,28,0.15,1.2,1.35,58,15.4
1/8/2016,29,18,0.23,2.3,2.53,53,13.1
1/9/2016,28,6,0,0,0,82,27
1/10/2016,32,5,0,0,0,77,24.3
1/11/2016,40,12,0,0,0,56,14.3
1/12/2016,45,19,0,0,0,48,11.5
1/13/2016,51,22,0,0,0,25,6.1
1/14/2016,44,28,0,0,0,16,3.9
1/15/2016,33,19,0.01,0,0.01,18,4.2
1/16/2016,37,11,0,0,0,31,7.5
1/17/2016,38,12,0,0,0,40,9.7
1/18/2016,51,22,0,0,0,69,20.5
1/19/2016,40,26,0.01,0.1,0.11,21,5
1/20/2016,49,25,0,0,0,15,3.5
1/21/2016,40,21,0,0,0,16,3.9
1/22/2016,52,21,0,0,0,48,11.5
1/23/2016,57,32,0,0,0,58,15.4
1/24/2016,45,28,0,0,0,47,11.2
1/25/2016,37,18,0,0,0,23,5.6
1/26/2016,42,18,0,0,0,28,6.7
1/27/2016,52,24,0,0,0,40,9.5
1/28/2016,58,27,0,0,0,35,8.3
1/29/2016,55,35,0,0,0,17,4.1
1/30/2016,65,28,0.1,0.8,0.9,23,5.4
1/31/2016,34,22,0,0.2,0.2,12,2.9
2/1/2016,30,22,0.33,6.9,7.23,27,6.4
2/2/2016,22,9,0.15,4.7,4.85,13,3.2
2/3/2016,28,1,0,0,0,13,3.2
2/4/2016,34,6,0,0,0,35,8.5
2/5/2016,37,11,0,0,0,19,4.5
2/6/2016,48,17,0,0,0,13,3.1
2/7/2016,43,14,0,0,0,10,2.4
2/8/2016,42,15,0,0,0,30,7.1
2/9/2016,55,23,0,0,0,19,4.5
2/10/2016,66,34,0,0,0,15,3.6
2/11/2016,64,29,0,0,0,18,4.2
2/12/2016,52,27,0,0,0,45,10.7
2/13/2016,63,27,0,0,0,51,12.1
2/14/2016,52,27,0,0,0,8,2
2/15/2016,59,25,0,0,0,10,2.3
2/16/2016,59,28,0,0,0,17,4.1
2/17/2016,68,28,0,0,0,49,11.8
2/18/2016,73,39,0,0,0,30,7.2
2/19/2016,64,33,0,0,0,22,5.2
2/20/2016,62,27,0,0,0,25,5.9
2/21/2016,46,23,0,0,0,9,2.2
2/22/2016,51,28,0,0,0,30,7.2
2/23/2016,43,27,0,0,0,13,3
2/24/2016,50,22,0,0,0,13,3
2/25/2016,48,17,0,0,0,20,4.8
2/26/2016,61,28,0,0,0,25,5.9
2/27/2016,72,30,0,0,0,17,4.1
2/28/2016,60,36,0,0,0,11,2.7
3/1/2016,58,27,0,0,0,12,2.9
3/2/2016,61,30,0,0,0,11,2.7
3/3/2016,64,22,0,0,0,20,4.9
3/4/2016,58,33,0,0,0,21,5
3/5/2016,67,36,0,0,0,38,9.1
3/6/2016,69,36,0,0,0,23,5.4
3/7/2016,55,29,0.01,0,0.01,17,4
3/8/2016,51,26,0,0,0,21,5.1
3/9/2016,57,22,0,0,0,15,3.7
3/10/2016,67,25,0,0,0,19,4.5
3/11/2016,74,36,0,0,0,22,5.2
3/12/2016,66,35,0,0,0,23,5.5
3/13/2016,63,38,0,0,0,17,4.1
3/14/2016,65,36,0,0,0,17,4
3/15/2016,47,32,0,0,0,7,1.7
3/16/2016,48,31,0,0,0,10,2.3
3/17/2016,36,24,0.21,3.8,4.01,18,4.4
3/18/2016,30,21,0.07,0.9,0.97,25,6
3/19/2016,37,20,0,0,0,26,6.3
3/20/2016,58,19,0,0,0,17,4
3/21/2016,73,41,0,0,0,18,4.4
3/22/2016,73,39,0,0,0,16,3.9
3/23/2016,42,13,0.77,13.1,13.87,15,3.6
3/24/2016,40,10,0,0,0,27,6.4
3/25/2016,43,27,0.01,0,0.01,18,4.4
3/26/2016,34,23,0.02,0.6,0.62,19,4.6
3/27/2016,50,23,0,0,0,10,2.5
3/28/2016,65,29,0,0,0,26,6.3
3/29/2016,61,36,0.04,0,0.04,30,7.3
3/30/2016,47,29,0.04,0,0.04,16,3.8
3/31/2016,44,28,0.01,0,0.01,19,4.6
4/1/2016,51,25,0,0,0,17,4
4/2/2016,63,32,0,0,0,13,3.1
4/3/2016,69,34,0,0,0,14,3.3
4/4/2016,72,38,0,0,0,18,4.3
4/5/2016,67,38,0,0,0,15,3.7
4/6/2016,71,30,0,0,0,11,2.7
4/7/2016,65,36,0,0,0,24,5.8
4/8/2016,66,34,0,0,0,20,4.7
4/9/2016,72,39,0,0,0,20,4.9
4/10/2016,68,38,0.13,0,0.13,12,2.8
4/11/2016,60,38,0,0,0,20,4.8
4/12/2016,71,36,0.01,0,0.01,17,4.1
4/13/2016,72,41,0,0,0,16,3.8
4/14/2016,77,47,0,0,0,14,3.4
4/15/2016,54,34,0.14,0,0.14,12,2.8
4/16/2016,34,31,1.19,11.8,12.99,10,2.3
4/17/2016,36,30,0.06,0.3,0.36,9,2.2
4/18/2016,39,29,0,0,0,27,6.5
4/19/2016,44,31,0.11,0,0.11,14,3.3
4/20/2016,55,32,0,0,0,30,7.3
4/21/2016,64,37,0,0,0,22,5.2
4/22/2016,77,39,0,0,0,24,5.7
4/23/2016,77,49,0,0,0,17,4
4/24/2016,67,39,0,0,0,8,2
4/25/2016,72,38,0.02,0,0.02,22,5.2
4/26/2016,53,33,0,0,0,13,3.2
4/27/2016,54,27,0,0,0,12,2.9
4/28/2016,40,35,0.02,0,0.02,10,2.4
4/29/2016,36,31,0.73,2,2.73,19,4.5
4/30/2016,35,31,0.15,1.5,1.65,8,2
5/1/2016,42,32,0.05,0,0.05,27,6.5
5/2/2016,59,28,0,0,0,25,5.9
5/3/2016,66,40,0,0,0,21,5
5/4/2016,74,44,0,0,0,18,4.3
5/5/2016,79,44,0,0,0,17,4.1
5/6/2016,80,50,0,0,0,26,6.2
5/7/2016,55,35,0.02,0,0.02,29,6.9
5/8/2016,65,32,0,0,0,18,4.2
5/9/2016,67,41,0,0,0,15,3.5
5/10/2016,65,43,0.36,0,0.36,16,3.9
5/11/2016,61,38,0.05,0,0.05,13,3
5/12/2016,71,37,0,0,0,18,4.3
5/13/2016,71,46,0,0,0,22,5.2
5/14/2016,55,40,0,0,0,21,5
5/15/2016,59,41,0.01,0,0.01,36,8.6
5/16/2016,48,39,0.26,0,0.26,28,6.7
5/17/2016,48,39,0.08,0,0.08,10,2.5
5/18/2016,66,38,0,0,0,14,3.4
5/19/2016,73,43,0,0,0,31,7.5
5/20/2016,79,49,0,0,0,15,3.7
5/21/2016,83,53,0,0,0,25,6
5/22/2016,77,47,0,0,0,27,6.4
5/23/2016,68,42,0.07,0,0.07,31,7.4
5/24/2016,73,43,0.04,0,0.04,41,9.8
5/25/2016,73,45,0,0,0,27,6.5
5/26/2016,67,44,1.15,0,1.15,33,7.9
5/27/2016,58,45,0.23,0,0.23,15,3.6
5/28/2016,72,43,0,0,0,20,4.8
5/29/2016,76,44,0,0,0,20,4.9
5/30/2016,78,46,0.01,0,0.01,38,9.1
5/31/2016,66,47,0.05,0,0.05,20,4.7
6/1/2016,73,51,0.13,0,0.13,20,4.9
6/2/2016,79,49,0,0,0,32,7.6
6/3/2016,78,58,0,0,0,36,8.7
6/4/2016,77,55,0,0,0,25,6
6/5/2016,82,50,0,0,0,27,6.4
6/6/2016,83,56,0.38,0,0.38,36,8.7
6/7/2016,80,51,0,0,0,45,10.9
6/8/2016,83,53,0,0,0,41,9.8
6/9/2016,88,57,0,0,0,35,8.5
6/10/2016,90,57,0,0,0,29,6.9
6/11/2016,90,55,0,0,0,27,6.5
6/12/2016,85,59,0.44,0,0.44,23,5.6
6/13/2016,76,55,0.63,0,0.63,28,6.6
6/14/2016,81,52,0,0,0,19,4.6
6/15/2016,86,55,0,0,0,30,7.2
6/16/2016,90,54,0,0,0,46,11
6/17/2016,85,57,0,0,0,53,13.2
6/18/2016,90,59,0,0,0,48,11.5
6/19/2016,97,65,0,0,0,38,9
6/20/2016,73,61,0,0,0,47,11.2
6/21/2016,98,56,0.01,0,0.01,52,12.5
6/22/2016,80,63,0,0,0,39,9.4
6/23/2016,92,57,0.02,0,0.02,36,8.7
6/24/2016,92,58,0,0,0,35,8.3
6/25/2016,84,58,0.01,0,0.01,42,10
6/26/2016,92,53,0,0,0,33,7.9
6/27/2016,93,61,0,0,0,34,8.1
6/28/2016,93,57,0,0,0,42,10.1
6/29/2016,92,56,0,0,0,33,8
6/30/2016,82,57,0,0,0,31,7.4
7/1/2016,78,60,0.61,0,0.61,28,6.7
7/2/2016,79,59,0.15,0,0.15,28,6.6
7/3/2016,89,59,0,0,0,41,9.9
7/4/2016,92,63,0,0,0,36,8.6
7/5/2016,92,60,0,0,0,29,7
7/6/2016,96,55,0,0,0,24,5.8
7/7/2016,88,59,0,0,0,38,9.2
7/8/2016,90,62,0,0,0,40,9.6
7/10/2016,102,65,0,0,0,19,4.6
7/11/2016,89,58,0,0,0,28,6.6
7/12/2016,91,51,0.02,0,0.02,35,8.3
7/13/2016,90,54,0,0,0,32,7.6
7/14/2016,86,57,0,0,0,40,9.6
7/15/2016,88,59,0,0,0,48,11.5
7/16/2016,97,58,0,0,0,49,11.7
7/17/2016,91,60,0,0,0,35,8.4
7/18/2016,95,58,0.11,0,0.11,40,9.5
7/19/2016,95,65,0.17,0,0.17,30,7.1
7/20/2016,94,62,0,0,0,22,5.3
7/21/2016,96,63,0,0,0,27,6.4
7/22/2016,96,70,0,0,0,21,5
7/23/2016,99,67,0,0,0,18,4.4
7/24/2016,96,61,0,0,0,20,4.8
7/25/2016,97,59,0,0,0,29,7
7/26/2016,93,63,0,0,0,36,8.6
7/27/2016,93,60,0,0,0,40,9.5
7/28/2016,85,59,0,0,0,46,11.1
7/29/2016,89,60,0,0,0,32,7.6
7/30/2016,94,64,0,0,0,44,10.5
7/31/2016,95,64,0.01,0,0.01,28,6.7
8/1/2016,96,59,0,0,0,32,7.7
8/2/2016,94,63,0,0,0,41,9.9
8/3/2016,96,60,0,0,0,35,8.5
8/4/2016,75,63,0,0,0,39,9.4
8/5/2016,76,61,0,0,0,35,8.4
8/6/2016,83,61,0,0,0,28,6.8
8/7/2016,90,58,0,0,0,28,6.7
8/8/2016,91,64,0,0,0,19,4.6
8/9/2016,97,62,0,0,0,23,5.5
8/10/2016,95,59,0,0,0,20,4.9
8/11/2016,90,59,0.03,0,0.03,22,5.2
8/12/2016,83,52,0,0,0,25,6
8/13/2016,89,53,0,0,0,21,5
8/14/2016,90,57,0,0,0,19,4.5
8/15/2016,92,60,0,0,0,35,8.5
8/16/2016,91,52,0,0,0,33,7.8
8/17/2016,90,57,0,0,0,34,8.2
8/18/2016,90,59,0,0,0,37,8.9
8/19/2016,81,50,0.02,0,0.02,23,5.4
8/20/2016,76,47,0,0,0,15,3.7
8/21/2016,91,51,0,0,0,22,5.2
8/22/2016,93,58,0,0,0,25,6
8/23/2016,87,61,0,0,0,28,6.7
8/24/2016,68,49,0.12,0,0.12,41,9.9
8/25/2016,71,47,0.05,0,0.05,42,10
8/26/2016,80,50,0,0,0,29,6.9
8/27/2016,85,48,0,0,0,25,5.9
8/28/2016,86,60,0,0,0,19,4.6
8/29/2016,84,57,0,0,0,19,4.6
8/30/2016,82,55,0,0,0,23,5.6
8/31/2016,82,51,0,0,0,28,6.7
9/1/2016,87,54,0,0,0,33,8
9/2/2016,84,62,0,0,0,23,5.4
9/3/2016,90,58,0,0,0,18,4.4
9/4/2016,90,51,0.02,0,0.02,19,4.5
9/5/2016,93,50,0,0,0,20,4.8
9/6/2016,87,59,0,0,0,30,7.3
9/7/2016,88,52,0.01,0,0.01,27,6.5
9/8/2016,89,49,0,0,0,29,7
9/9/2016,75,44,0,0,0,25,5.9
9/10/2016,83,37,0,0,0,24,5.8
9/11/2016,90,53,0,0,0,25,5.9
9/12/2016,74,52,0.18,0,0.18,24,5.7
9/13/2016,68,48,0,0,0,26,6.2
9/14/2016,84,46,0,0,0,32,7.7
9/15/2016,78,50,0,0,0,20,4.8
9/16/2016,73,39,0.07,0,0.07,27,6.5
9/17/2016,78,44,0,0,0,28,6.6
9/18/2016,88,52,0,0,0,21,5.1
9/19/2016,90,60,0,0,0,20,4.9
9/20/2016,90,60,0,0,0,29,6.9
9/21/2016,84,57,0,0,0,25,6.1
9/22/2016,76,49,0,0,0,39,9.4
9/23/2016,88,51,0,0,0,32,7.6
9/24/2016,71,38,0,0,0,14,3.4
9/25/2016,68,39,0,0,0,14,3.3
9/26/2016,76,42,0,0,0,23,5.6
9/27/2016,83,46,0,0,0,30,7.3
9/28/2016,82,49,0,0,0,28,6.8
9/29/2016,87,47,0,0,0,41,9.8
9/30/2016,74,52,0,0,0,32,7.6
10/1/2016,80,50,0,0,0,14,3.4
10/2/2016,81,52,0,0,0,14,3.4
10/3/2016,81,53,0,0,0,17,4
10/4/2016,65,36,0,0,0,21,5
10/5/2016,66,34,0,0,0,26,6.3
10/6/2016,55,32,0.22,0,0.22,13,3.2
10/7/2016,67,32,0,0,0,21,5
10/8/2016,73,36,0,0,0,18,4.2
10/9/2016,76,38,0,0,0,33,8
10/10/2016,79,49,0,0,0,20,4.8
10/11/2016,79,44,0.03,0,0.03,16,3.9
10/12/2016,49,34,0.01,0,0.01,27,6.5
10/13/2016,78,38,0,0,0,26,6.3
10/14/2016,84,55,0,0,0,36,8.6
10/15/2016,85,50,0,0,0,23,5.6
10/16/2016,86,46,0,0,0,15,3.7
10/17/2016,77,36,0,0,0,28,6.8
10/18/2016,65,33,0,0,0,23,5.6
10/19/2016,61,37,0,0,0,13,3
10/20/2016,63,25,0,0,0,20,4.7
10/21/2016,78,37,0,0,0,28,6.6
10/22/2016,82,41,0,0,0,28,6.6
10/23/2016,74,35,0,0,0,36,8.6
10/24/2016,79,44,0,0,0,38,9
10/25/2016,72,49,0,0,0,37,8.8
10/26/2016,75,37,0,0,0,21,5.1
10/27/2016,83,44,0,0,0,24,5.8
10/28/2016,82,55,0,0,0,52,12.8
10/29/2016,77,41,0,0,0,24,5.7
10/30/2016,77,38,0,0,0,45,10.8
10/31/2016,79,45,0,0,0,28,6.8
11/1/2016,70,40,0,0,0,26,6.3
11/2/2016,62,37,0,0,0,22,5.3
11/3/2016,69,36,0,0,0,57,15.1
11/4/2016,72,35,0,0,0,49,11.7
11/5/2016,69,38,0,0,0,55,14.2
11/6/2016,67,41,0,0,0,30,7.3
11/7/2016,64,35,0,0,0,29,6.9
11/8/2016,65,32,0,0,0,53,13.1
11/9/2016,74,34,0,0,0,38,9
11/10/2016,69,42,0,0,0,39,9.4
11/11/2016,61,26,0,0,0,28,6.6
11/12/2016,71,28,0,0,0,30,7.1
11/13/2016,66,34,0,0,0,19,4.6
11/14/2016,72,35,0,0,0,19,4.5
11/15/2016,77,38,0,0,0,20,4.9
11/16/2016,80,39,0,0,0,24,5.8
11/17/2016,39,22,0.22,1.7,1.92,18,4.2
11/18/2016,32,14,0,0,0,31,7.5
11/19/2016,45,16,0,0,0,76,24.1
11/20/2016,69,37,0,0,0,43,10.2
11/21/2016,65,41,0,0,0,33,7.9
11/22/2016,42,29,0.3,0,0.3,12,2.9
11/23/2016,50,23,0,0,0,39,9.3
11/24/2016,49,23,0,0,0,12,2.9
11/25/2016,63,22,0,0,0,23,5.6
11/26/2016,60,31,0,0,0,30,7.1
11/27/2016,52,31,0,0,0,17,4
12/1/2016,41,15,0,0,0,32,7.6
12/2/2016,33,15,0.01,0,0.01,45,10.8
12/3/2016,42,13,0,0,0,55,14
12/4/2016,55,11,0,0,0,19,4.6
12/5/2016,54,17,0,0,0,34,8.1
12/6/2016,30,4,0.02,0.1,0.12,20,4.7
12/7/2016,17,-8,0.03,1.2,1.23,19,4.6
12/10/2016,55,15,0,0,0,69,20.7
12/11/2016,39,22,0.09,0.4,0.49,23,5.4
12/12/2016,44,19,0,0,0,44,10.5
12/13/2016,48,18,0,0,0,34,8.2
12/14/2016,29,11,0,0,0,31,7.4
12/15/2016,57,12,0,0,0,51,12.2
12/16/2016,50,4,0.45,4.2,4.65,34,8.2
12/17/2016,3,-15,0.18,3.8,3.98,3,0.8
12/18/2016,17,-10,0,0,0,2,0.5
12/19/2016,43,4,0,0,0,9,2.1
12/20/2016,53,30,0,0,0,27,6.4
12/21/2016,53,26,0,0,0,23,5.5
12/22/2016,37,24,0,0,0,57,14.9
12/23/2016,49,24,0,0,0,58,15.2
12/24/2016,57,24,0,0,0,59,15.8
12/25/2016,46,20,0,0,0,28,6.8
12/26/2016,44,16,0,0,0,31,7.4
12/27/2016,53,13,0,0,0,71,21.5
12/28/2016,48,18,0,0,0,15,3.6
12/29/2016,47,17,0,0,0,49,11.7
12/30/2016,65,35,0,0,0,24,5.7
12/31/2016,41,13,0,0,0,42,10
1/1/2017,47,16,0,0,0,48,11.5
1/2/2017,52,15,0,0,0,48,11.6
1/3/2017,32,10,0,0,0,44,10.5
1/4/2017,12,4,0.1,1.5,1.6,55,14.1
1/5/2017,5,-2,0.24,2.6,2.84,5,1.3
1/6/2017,20,-7,0,0,0,7,1.7
1/7/2017,26,2,0,0,0,28,6.8
1/8/2017,48,12,0,0,0,57,14.8
1/9/2017,62,31,0,0,0,11,2.7
1/10/2017,52,32,0,0,0,11,2.7
1/11/2017,56,21,0,0,0,26,6.2
1/12/2017,40,18,0,0,0,59,15.7
1/13/2017,39,18,0,0,0,75,23.4
1/14/2017,42,22,0,0,0,81,26.2
1/15/2017,35,22,0,0,0,80,25.8
1/16/2017,35,27,0.2,2.2,2.4,35,8.5
1/17/2017,46,17,0,0,0,51,12.1
1/18/2017,52,21,0,0,0,44,10.5
1/19/2017,54,22,0,0,0,38,9.1
1/20/2017,45,26,0,0,0,30,7.2
1/21/2017,42,19,0,0,0,54,13.7
1/22/2017,47,26,0,0,0,20,4.9
1/23/2017,54,23,0,0,0,30,7.2
1/24/2017,32,17,0,0,0,28,6.7
1/25/2017,30,10,0,0,0,21,5
1/26/2017,31,8,0,0,0,22,5.2
1/27/2017,40,11,0,0,0,23,5.5
1/28/2017,50,17,0,0,0,20,4.7
1/29/2017,61,28,0,0,0,15,3.7
1/30/2017,63,33,0,0,0,18,4.4
1/31/2017,61,31,0,0,0,24,5.7
2/1/2017,31,20,0,0,0,33,7.9
2/2/2017,26,17,0,0,0,28,6.7
2/3/2017,38,16,0,0,0,56,14.7
2/4/2017,60,29,0,0,0,14,3.4
2/5/2017,58,29,0,0,0,23,5.4
2/6/2017,61,37,0,0,0,21,5.1
2/7/2017,62,32,0,0,0,17,4.1
2/8/2017,58,38,0,0,0,9,2.2
2/9/2017,68,31,0,0,0,29,6.9
2/10/2017,80,40,0,0,0,15,3.6
2/11/2017,56,33,0,0,0,20,4.7
2/12/2017,49,29,0,0,0,12,2.9
2/13/2017,48,28,0,0,0,29,6.9
2/14/2017,49,24,0,0,0,26,6.3
2/15/2017,67,27,0,0,0,20,4.7
2/16/2017,75,39,0,0,0,30,7.1
2/17/2017,66,25,0,0,0,25,6.1
2/18/2017,67,29,0,0,0,35,8.4
2/19/2017,64,35,0,0,0,29,6.9
2/20/2017,63,24,0,0,0,9,2.2
2/21/2017,73,39,0,0,0,12,2.8
2/22/2017,57,30,0,0,0,15,3.6
2/23/2017,33,18,0.16,1.3,1.46,14,3.3
2/24/2017,26,17,0.05,0.3,0.35,24,5.8
2/25/2017,38,15,0,0,0,18,4.4
2/26/2017,42,11,0,0,0,23,5.4
2/27/2017,58,14,0,0,0,24,5.7
2/28/2017,35,20,0.02,0,0.02,11,2.7
3/1/2017,48,14,0,0,0,9,2.1
3/2/2017,53,19,0,0,0,15,3.6
3/3/2017,64,25,0,0,0,26,6.3
3/4/2017,71,32,0,0,0,16,3.9
3/5/2017,69,42,0,0,0,13,3.2
3/6/2017,53,24,0,0,0,9,2.2
3/7/2017,53,18,0,0,0,11,2.7
3/8/2017,67,21,0,0,0,14,3.4
3/9/2017,72,33,0,0,0,18,4.4
3/10/2017,65,26,0,0,0,50,11.9
3/11/2017,48,32,0.02,0,0.02,36,8.7
3/12/2017,61,31,0,0,0,19,4.6
3/13/2017,57,19,0,0,0,24,5.7
3/14/2017,69,37,0,0,0,15,3.5
3/15/2017,77,38,0,0,0,17,4
3/16/2017,76,48,0,0,0,20,4.7
3/17/2017,71,37,0,0,0,21,5.1
3/18/2017,81,35,0,0,0,22,5.3
3/19/2017,80,48,0,0,0,16,3.9
3/20/2017,77,45,0,0,0,22,5.3
3/21/2017,70,34,0,0,0,56,14.7
3/22/2017,71,37,0,0,0,60,16.4
3/23/2017,77,37,0.08,0,0.08,33,7.9
3/24/2017,53,31,0.45,0,0.45,15,3.7
3/25/2017,62,28,0,0,0,17,4
3/26/2017,54,35,0,0,0,18,4.3
3/27/2017,64,30,0,0,0,30,7.2
3/28/2017,46,35,0.19,0,0.19,16,3.8
3/29/2017,57,34,0.04,0,0.04,14,3.3
3/30/2017,67,31,0,0,0,15,3.7
3/31/2017,51,32,0.12,0,0.12,13,3.2
4/1/2017,41,30,0.03,0,0.03,21,5.1
4/2/2017,63,31,0,0,0,15,3.5
4/3/2017,58,34,0.08,0,0.08,7,1.7
4/4/2017,42,31,0.2,0.1,0.3,16,3.9
4/5/2017,56,28,0,0,0,15,3.7
4/6/2017,66,30,0,0,0,23,5.5
4/7/2017,76,47,0,0,0,18,4.4
4/8/2017,77,45,0,0,0,13,3.1
4/9/2017,59,35,0,0,0,13,3
4/10/2017,58,24,0,0,0,18,4.3
4/11/2017,70,30,0,0,0,31,7.5
4/12/2017,74,40,0,0,0,34,8.1
4/13/2017,79,37,0,0,0,34,8.1
4/14/2017,79,39,0,0,0,32,7.7
4/15/2017,68,37,0,0,0,22,5.3
4/16/2017,72,31,0,0,0,19,4.5
4/17/2017,77,40,0,0,0,25,6.1
4/18/2017,78,40,0,0,0,22,5.3
4/19/2017,73,46,0,0,0,23,5.6
4/20/2017,64,32,0.11,0,0.11,14,3.3
4/21/2017,48,37,0.05,0,0.05,9,2.2
4/22/2017,57,35,0.1,0,0.1,10,2.5
4/23/2017,76,40,0,0,0,23,5.4
4/24/2017,67,42,0,0,0,18,4.3
4/25/2017,58,31,0.06,0,0.06,9,2.1
4/26/2017,61,26,0,0,0,10,2.3
4/27/2017,54,32,0.01,0,0.01,14,3.3
4/28/2017,54,29,0.12,0,0.12,12,2.9
4/29/2017,31,29,0.22,2.4,2.62,20,4.9
4/30/2017,60,28,0,0,0,13,3.2
5/1/2017,64,38,0,0,0,10,2.5
5/2/2017,63,37,0.1,0,0.1,14,3.4
5/3/2017,56,34,0.1,0,0.1,16,3.9
5/4/2017,71,32,0,0,0,22,5.3
5/5/2017,79,42,0,0,0,24,5.8
5/6/2017,86,48,0,0,0,19,4.5
5/7/2017,80,50,0,0,0,23,5.6
5/8/2017,74,49,0.46,0,0.46,25,5.9
5/9/2017,68,51,0.01,0,0.01,21,5
5/10/2017,54,47,0.22,0,0.22,21,5
5/11/2017,63,44,0,0,0,17,4
5/12/2017,78,42,0,0,0,24,5.8
5/13/2017,85,48,0,0,0,19,4.6
5/14/2017,76,44,0,0,0,22,5.2
5/15/2017,84,50,0,0,0,27,6.4
5/16/2017,72,43,0.1,0,0.1,25,6.1
5/17/2017,73,40,0.51,0,0.51,21,5
5/18/2017,42,33,1.13,0,1.13,7,1.6
5/19/2017,39,33,0.09,0,0.09,11,2.7
5/20/2017,62,34,0,0,0,16,3.8
5/21/2017,67,35,0.27,0,0.27,15,3.7
5/22/2017,67,43,0.14,0,0.14,13,3.2
5/23/2017,63,41,0,0,0,19,4.5
5/24/2017,84,36,0,0,0,20,4.9
5/25/2017,79,47,0.14,0,0.14,22,5.3
5/26/2017,74,45,0.05,0,0.05,19,4.6
5/27/2017,58,45,0.2,0,0.2,13,3.2
5/28/2017,71,41,0.07,0,0.07,13,3.2
5/29/2017,69,47,0.02,0,0.02,18,4.4
5/30/2017,75,45,0.05,0,0.05,24,5.8
5/31/2017,82,46,0,0,0,30,7.1
6/1/2017,80,49,0,0,0,26,6.2
6/2/2017,79,51,0.01,0,0.01,23,5.5
6/3/2017,77,47,0,0,0,25,6.1
6/4/2017,81,47,0,0,0,33,8
6/5/2017,86,51,0,0,0,41,9.8
6/6/2017,78,50,0,0,0,27,6.5
6/7/2017,85,53,0.01,0,0.01,32,7.6
6/8/2017,85,52,0,0,0,30,7.3
6/9/2017,92,60,0,0,0,31,7.5
6/10/2017,94,65,0,0,0,35,8.4
6/11/2017,80,60,0,0,0,32,7.7
6/12/2017,93,56,0,0,0,36,8.7
6/13/2017,82,42,0,0,0,28,6.7
6/14/2017,87,50,0,0,0,21,5.1
6/15/2017,89,52,0,0,0,34,8.2
6/16/2017,95,53,0,0,0,33,7.9
6/17/2017,86,60,0,0,0,22,5.3
6/18/2017,86,58,0,0,0,15,3.5
6/19/2017,86,55,0,0,0,21,5.1
6/20/2017,99,61,0,0,0,27,6.5
6/21/2017,98,61,0,0,0,29,7
6/22/2017,93,61,0,0,0,39,9.3
6/23/2017,63,48,0.1,0,0.1,40,9.5
6/24/2017,79,45,0,0,0,33,7.9
6/25/2017,74,49,0,0,0,29,7
6/26/2017,89,54,0,0,0,36,8.6
6/27/2017,97,59,0,0,0,48,11.5
6/28/2017,90,52,0,0,0,40,9.6
6/29/2017,87,54,0.13,0,0.13,32,7.7
6/30/2017,74,52,0.08,0,0.08,29,7
7/1/2017,89,51,0,0,0,34,8.2
7/2/2017,94,58,0,0,0,32,7.7
7/3/2017,92,53,0,0,0,41,9.9
7/4/2017,95,61,0,0,0,60,16.5
7/5/2017,98,62,0,0,0,41,9.9
7/6/2017,100,67,0,0,0,51,12.1
7/7/2017,88,63,0,0,0,44,10.5
7/8/2017,93,61,0,0,0,40,9.5
7/9/2017,97,63,0,0,0,28,6.8
7/10/2017,96,61,0,0,0,36,8.7
7/11/2017,96,65,0,0,0,32,7.6
7/12/2017,82,63,0.01,0,0.01,35,8.3
7/13/2017,87,57,0,0,0,33,7.8
7/14/2017,91,56,0,0,0,34,8.2
7/15/2017,78,60,0.1,0,0.1,15,3.5
7/16/2017,87,54,0,0,0,18,4.2
7/17/2017,97,59,0,0,0,27,6.4
7/18/2017,95,65,0,0,0,27,6.5
7/19/2017,100,66,0,0,0,26,6.2
7/20/2017,95,65,0.01,0,0.01,30,7.1
7/21/2017,96,62,0.15,0,0.15,23,5.6
7/22/2017,91,61,0,0,0,25,5.9
7/23/2017,91,63,0,0,0,31,7.5
7/24/2017,99,67,0,0,0,32,7.7
7/25/2017,95,68,0.07,0,0.07,21,5.1
7/26/2017,83,64,0.13,0,0.13,35,8.5
7/27/2017,88,60,0,0,0,20,4.7
7/28/2017,93,64,0,0,0,24,5.8
7/29/2017,80,64,0,0,0,25,5.9
7/30/2017,84,59,0,0,0,26,6.2
7/31/2017,87,58,0,0,0,27,6.4
8/1/2017,88,59,0,0,0,33,8
8/2/2017,90,62,0,0,0,36,8.7
8/3/2017,67,52,0.18,0,0.18,43,10.2
8/4/2017,92,51,0.01,0,0.01,55,14.1
8/5/2017,86,57,0.62,0,0.62,39,9.4
8/6/2017,76,53,0,0,0,40,9.7
8/7/2017,68,56,0.9,0,0.9,29,7
8/8/2017,77,57,0,0,0,32,7.7
8/9/2017,80,57,0,0,0,38,9
8/10/2017,78,53,0,0,0,35,8.5
8/11/2017,82,53,0,0,0,34,8.1
8/12/2017,87,57,0,0,0,28,6.6
8/13/2017,87,56,0,0,0,22,5.2
8/14/2017,90,57,0.01,0,0.01,23,5.4
8/15/2017,85,56,0.14,0,0.14,23,5.5
8/16/2017,76,57,0,0,0,24,5.8
8/17/2017,87,55,0,0,0,26,6.2
8/18/2017,89,56,0,0,0,36,8.7
8/19/2017,95,61,0,0,0,28,6.6
8/20/2017,89,60,0,0,0,30,7.3
8/21/2017,87,61,0,0,0,44,10.5
8/22/2017,88,56,0,0,0,51,12.1
8/23/2017,91,59,0,0,0,29,7
8/24/2017,88,56,0,0,0,20,4.8
8/25/2017,90,58,0,0,0,22,5.3
8/26/2017,93,59,0,0,0,28,6.6
8/27/2017,86,62,0,0,0,40,9.5
8/28/2017,90,59,0,0,0,50,12
8/29/2017,93,63,0,0,0,52,12.8
8/30/2017,92,56,0,0,0,54,13.6
8/31/2017,89,61,0,0,0,51,12.1
9/1/2017,87,59,0,0,0,56,14.5
9/2/2017,90,58,0,0,0,76,24
9/3/2017,97,61,0,0,0,54,13.7
9/4/2017,94,56,0,0,0,124,44.9
9/5/2017,71,49,0,0,0,48,11.5
9/6/2017,81,50,0,0,0,62,17.2
9/7/2017,86,55,0,0,0,63,18
9/8/2017,85,55,0,0,0,69,20.6
9/9/2017,92,58,0,0,0,46,11.1
9/10/2017,90,62,0,0,0,31,7.4
9/11/2017,88,58,0,0,0,35,8.3
9/12/2017,92,59,0,0,0,28,6.7
9/13/2017,91,61,0,0,0,29,7
9/14/2017,90,60,0,0,0,20,4.8
9/15/2017,84,50,0,0,0,25,5.9
9/16/2017,70,46,0,0,0,19,4.6
9/17/2017,74,46,0.02,0,0.02,31,7.5
9/18/2017,82,49,0,0,0,24,5.7
9/19/2017,89,42,0,0,0,19,4.6
9/20/2017,80,40,0,0,0,25,5.9
9/21/2017,92,57,0,0,0,27,6.5
9/22/2017,86,49,0,0,0,30,7.2
9/23/2017,54,44,0.83,0,0.83,25,6.1
9/24/2017,50,45,0.05,0,0.05,7,1.7
9/25/2017,55,43,0.04,0,0.04,14,3.3
9/26/2017,63,44,0,0,0,29,7
9/27/2017,55,49,0.06,0,0.06,35,8.3
9/28/2017,62,47,0.26,0,0.26,15,3.5
9/29/2017,67,42,0,0,0,37,8.8
9/30/2017,72,44,0,0,0,22,5.3
10/1/2017,75,45,0.19,0,0.19,12,2.8
10/2/2017,47,37,0.19,0,0.19,18,4.2
10/3/2017,61,34,0,0,0,18,4.2
10/4/2017,73,50,0,0,0,40,9.5
10/5/2017,65,51,0,0,0,29,7
10/6/2017,66,45,0,0,0,23,5.4
10/7/2017,78,45,0,0,0,17,4.1
10/8/2017,67,33,0.21,0,0.21,13,3
10/9/2017,36,29,0.35,2.8,3.15,15,3.6
10/10/2017,59,29,0,0,0,19,4.6
10/11/2017,72,29,0,0,0,46,11.1
10/12/2017,78,41,0,0,0,39,9.4
10/13/2017,65,35,0,0,0,54,13.6
10/14/2017,57,27,0,0,0,30,7.1
10/15/2017,64,24,0,0,0,24,5.8
10/16/2017,78,39,0,0,0,21,5
10/17/2017,77,41,0,0,0,21,5.1
10/18/2017,77,45,0,0,0,30,7.1
10/19/2017,75,42,0,0,0,55,13.8
10/20/2017,77,46,0,0,0,33,7.8
10/21/2017,53,30,0,0,0,10,2.5
10/22/2017,70,34,0,0,0,11,2.6
10/23/2017,63,34,0,0,0,17,4.1
10/24/2017,62,24,0,0,0,17,4.1
10/25/2017,84,47,0,0,0,18,4.2
10/26/2017,59,25,0,0,0,18,4.4
10/27/2017,41,13,0,0,0,22,5.2
10/28/2017,58,39,0,0,0,19,4.5
10/29/2017,73,39,0,0,0,13,3.2
10/30/2017,38,29,0.02,0,0.02,13,3.2
10/31/2017,52,26,0,0,0,34,8.2
11/1/2017,68,40,0,0,0,25,5.9
11/2/2017,47,27,0,0,0,20,4.8
11/3/2017,59,24,0,0,0,61,16.8
11/4/2017,72,32,0,0,0,21,5.1
11/5/2017,52,27,0,0,0,27,6.4
11/6/2017,45,28,0,0,0,45,10.8
11/7/2017,36,24,0.04,0,0.04,17,4.1
11/8/2017,61,25,0,0,0,51,12.3
11/9/2017,49,23,0,0,0,68,20.4
11/10/2017,60,24,0,0,0,92,31.7
11/11/2017,60,30,0,0,0,45,10.8
11/12/2017,59,22,0,0,0,33,8
11/13/2017,73,37,0,0,0,30,7.3
11/14/2017,68,32,0,0,0,28,6.7
11/15/2017,59,22,0,0,0,22,5.3
11/16/2017,74,29,0,0,0,22,5.3
11/17/2017,68,37,0.23,0,0.23,11,2.6
11/18/2017,45,24,0,0,0,10,2.5
11/19/2017,61,23,0,0,0,16,3.9
11/20/2017,69,30,0,0,0,11,2.7
11/21/2017,55,30,0.02,0,0.02,17,4
11/22/2017,69,31,0,0,0,24,5.7
11/23/2017,72,44,0,0,0,9,2.1
11/24/2017,71,33,0,0,0,10,2.5
11/25/2017,62,33,0,0,0,17,4.1
11/26/2017,74,36,0,0,0,18,4.2
11/27/2017,81,39,0,0,0,23,5.6
11/28/2017,46,28,0,0,0,15,3.7
11/29/2017,65,24,0,0,0,51,12.1
11/30/2017,54,24,0,0,0,48,11.5
12/1/2017,62,31,0,0,0,28,6.6
12/2/2017,66,30,0,0,0,36,8.6
12/3/2017,67,35,0,0,0,25,6
12/4/2017,51,14,0,0,0,10,2.5
12/5/2017,51,15,0,0,0,18,4.2
12/6/2017,38,15,0,0,0,15,3.5
12/7/2017,36,11,0,0,0,20,4.9
12/8/2017,57,35,0,0,0,14,3.4
12/9/2017,61,31,0,0,0,15,3.7
12/10/2017,62,34,0,0,0,19,4.6
12/11/2017,57,25,0,0,0,24,5.7
12/12/2017,69,29,0,0,0,21,5
12/13/2017,51,28,0,0,0,25,6
12/14/2017,38,20,0.03,0.4,0.43,29,7
12/15/2017,63,22,0,0,0,24,5.7
12/16/2017,51,28,0,0,0,32,7.7
12/17/2017,41,22,0,0,0,49,11.7
12/18/2017,56,18,0,0,0,56,14.4
12/19/2017,55,21,0,0,0,50,11.9
12/20/2017,66,29,0,0,0,25,6
12/21/2017,37,4,0.07,0.7,0.77,29,7
12/22/2017,45,6,0,0,0,50,12
12/23/2017,41,7,0.1,2.3,2.4,54,13.5
12/25/2017,19,2,0,0,0,36,8.7
12/26/2017,10,4,0.01,0.6,0.61,26,6.2
1/8/2018,49,24,0,0,0,103,36.3
1/9/2018,68,34,0,0,0,47,11.3
1/10/2018,57,24,0.17,0,0.17,38,9
1/11/2018,43,21,0,0,0,19,4.5
1/12/2018,46,24,0.03,0,0.03,21,5.1
1/13/2018,48,19,0,0,0,27,6.5
1/14/2018,56,21,0,0,0,26,6.2
1/15/2018,30,-3,0.03,0.7,0.73,9,2.2
1/16/2018,34,-4,0,0,0,7,1.6
1/17/2018,51,15,0,0,0,56,14.7
1/18/2018,65,28,0,0,0,34,8.2
1/19/2018,67,35,0,0,0,38,9
1/20/2018,48,27,0,0,0,34,8.2
1/21/2018,28,23,0.3,5.7,6,11,2.7
1/22/2018,44,9,0,0,0,9,2.2
1/23/2018,37,14,0,0,0,13,3.2
1/24/2018,47,18,0,0,0,36,8.6
1/25/2018,54,28,0,0,0,21,5.1
1/26/2018,40,17,0,0,0,14,3.4
1/27/2018,45,16,0,0,0,16,3.9
1/28/2018,52,19,0,0,0,14,3.4
1/29/2018,58,22,0,0,0,30,7.2
1/30/2018,63,38,0,0,0,29,7
1/31/2018,54,24,0,0,0,27,6.5
2/1/2018,34,18,0.02,0,0.02,20,4.8
2/2/2018,60,22,0,0,0,71,21.5
2/3/2018,58,31,0,0,0,9,2.2
2/4/2018,47,10,0,0,0,34,8.1
2/5/2018,56,21,0,0,0,14,3.3
2/6/2018,47,21,0,0,0,37,8.8
2/7/2018,53,16,0,0,0,25,6
2/8/2018,61,35,0,0,0,16,3.9
2/9/2018,48,16,0,0,0,37,8.8
2/10/2018,17,9,0.14,2.2,2.34,51,12.1
2/11/2018,43,0,0,0,0,48,11.4
2/12/2018,25,14,0,0,0,58,15.2
2/13/2018,58,17,0,0,0,55,13.8
2/14/2018,66,34,0,0,0,33,7.8
2/15/2018,48,16,0.02,0.2,0.22,22,5.2
2/16/2018,42,7,0,0,0,41,9.8
2/17/2018,56,24,0,0,0,19,4.5
2/18/2018,69,20,0,0,0,18,4.3
2/19/2018,20,3,0.11,2.9,3.01,23,5.5
2/21/2018,22,-7,0,0,0,13,3
2/22/2018,26,8,0.02,0.9,0.92,92,31.7
2/23/2018,35,8,0,0,0,83,27.5
2/24/2018,36,15,0,0,0,28,6.7
2/25/2018,41,15,0,0,0,14,3.4
2/26/2018,57,18,0,0,0,44,10.5
2/27/2018,56,21,0,0,0,47,11.3
2/28/2018,50,21,0,0,0,31,7.5
3/1/2018,59,18,0,0,0,49,11.7
3/2/2018,70,26,0,0,0,25,5.9
3/3/2018,71,42,0,0,0,19,4.5
3/4/2018,68,30,0,0,0,10,2.5
3/5/2018,42,25,0,0,0,7,1.6
3/6/2018,46,15,0,0,0,13,3.2
3/7/2018,51,13,0,0,0,28,6.7
3/8/2018,64,24,0,0,0,22,5.2
3/9/2018,65,31,0,0,0,26,6.3
3/10/2018,52,24,0,0,0,15,3.6
3/11/2018,49,16,0,0,0,20,4.8
3/12/2018,57,23,0,0,0,40,9.7
3/13/2018,58,26,0,0,0,32,7.7
3/14/2018,67,30,0,0,0,28,6.7
3/15/2018,67,34,0.04,0,0.04,23,5.6
3/16/2018,56,28,0,0,0,13,3.2
3/17/2018,64,25,0,0,0,17,4
3/18/2018,52,31,0.33,0.7,1.03,22,5.2
3/19/2018,46,27,0,0,0,15,3.6
3/20/2018,52,25,0,0,0,13,3.1
3/21/2018,62,26,0,0,0,19,4.5
3/22/2018,73,36,0,0,0,15,3.7
3/23/2018,72,38,0,0,0,13,3.1
3/24/2018,68,30,0,0,0,12,2.8
3/25/2018,66,31,0,0,0,21,5.1
3/26/2018,55,32,0.27,1.5,1.77,34,8.2
3/27/2018,47,24,0.05,0.6,0.65,14,3.4
3/28/2018,46,30,0.31,2,2.31,17,4
3/29/2018,47,24,0.02,0,0.02,20,4.9
3/30/2018,63,25,0,0,0,21,5.1
3/31/2018,59,23,0,0,0,14,3.3
4/1/2018,54,23,0,0,0,38,9
4/2/2018,74,29,0,0,0,30,7.3
4/3/2018,48,27,0,0,0,13,3.2
4/4/2018,62,24,0,0,0,27,6.4
4/5/2018,65,33,0,0,0,23,5.4
4/6/2018,43,21,0.05,0,0.05,18,4.4
4/7/2018,58,22,0,0,0,47,11.2
4/8/2018,64,40,0.03,0,0.03,8,2
4/9/2018,55,33,0.11,0,0.11,12,2.8
4/10/2018,71,32,0,0,0,20,4.8
4/11/2018,79,46,0,0,0,30,7.2
4/12/2018,79,37,0.05,0,0.05,30,7.1
4/13/2018,44,30,0.05,0,0.05,9,2.2
4/14/2018,56,27,0,0,0,8,2
4/15/2018,61,26,0,0,0,17,4
4/16/2018,73,34,0,0,0,31,7.5
4/17/2018,73,34,0,0,0,25,6
4/18/2018,56,25,0,0,0,11,2.7
4/19/2018,69,27,0,0,0,24,5.8
4/20/2018,60,33,0.13,0,0.13,26,6.2
4/21/2018,39,31,0.34,1.3,1.64,25,6
4/22/2018,65,31,0,0,0,35,8.3
4/23/2018,73,38,0,0,0,30,7.3
4/24/2018,40,32,0.1,0.2,0.3,15,3.5
4/25/2018,66,31,0,0,0,21,5
4/26/2018,59,36,0,0,0,30,7.3
4/27/2018,73,34,0,0,0,35,8.4
4/28/2018,80,42,0,0,0,37,8.9
4/29/2018,83,50,0,0,0,21,5.1
4/30/2018,73,46,0,0,0,40,9.5
5/1/2018,69,41,0,0,0,23,5.4
5/2/2018,52,40,0.45,0,0.45,19,4.6
5/3/2018,52,40,0.49,0,0.49,9,2.2
5/4/2018,69,41,0,0,0,25,5.9
5/5/2018,75,48,0,0,0,28,6.8
5/6/2018,80,47,0,0,0,30,7.2
5/7/2018,80,49,0,0,0,35,8.5
5/8/2018,77,48,0,0,0,24,5.8
5/9/2018,80,46,0,0,0,39,9.3
5/10/2018,90,50,0,0,0,38,9.1
5/11/2018,80,44,0.01,0,0.01,34,8.1
5/12/2018,66,50,0,0,0,22,5.2
5/13/2018,61,49,0.35,0,0.35,23,5.5
5/14/2018,65,49,0.34,0,0.34,18,4.4
5/15/2018,77,45,0,0,0,20,4.7
5/16/2018,81,51,0,0,0,24,5.7
5/17/2018,86,51,0,0,0,34,8.2
5/18/2018,65,50,0.03,0,0.03,28,6.8
5/19/2018,51,41,0.1,0,0.1,7,1.7
5/20/2018,58,40,0,0,0,13,3
5/21/2018,79,42,0,0,0,31,7.5
5/22/2018,81,48,0,0,0,34,8.1
5/23/2018,82,47,0,0,0,33,8
5/24/2018,86,52,0,0,0,30,7.3
5/25/2018,91,54,0,0,0,28,6.6
5/26/2018,94,55,0,0,0,31,7.5
5/27/2018,87,57,0,0,0,34,8.1
5/28/2018,70,51,0.09,0,0.09,20,4.7
5/29/2018,78,46,0,0,0,21,5
5/30/2018,84,48,0,0,0,23,5.5
5/31/2018,92,50,0,0,0,24,5.7
6/1/2018,92,54,0,0,0,25,5.9
6/2/2018,79,44,0,0,0,21,5
6/3/2018,79,48,0,0,0,30,7.2
6/4/2018,93,57,0,0,0,33,7.9
6/5/2018,95,60,0,0,0,33,7.8
6/6/2018,95,61,0,0,0,44,10.5
6/7/2018,92,58,0,0,0,31,7.4
6/8/2018,96,57,0,0,0,32,7.6
6/9/2018,95,61,0,0,0,33,7.9
6/10/2018,97,61,0,0,0,32,7.6
6/11/2018,82,51,0,0,0,40,9.7
6/12/2018,87,56,0,0,0,43,10.2
6/13/2018,94,57,0,0,0,42,10
6/14/2018,97,66,0,0,0,59,15.7
6/15/2018,95,61,0.01,0,0.01,51,12.3
6/16/2018,87,58,0.02,0,0.02,43,10.3
6/17/2018,77,56,0.25,0,0.25,22,5.2
6/18/2018,82,54,0.02,0,0.02,19,4.5
6/19/2018,79,55,0,0,0,18,4.2
6/20/2018,78,51,0,0,0,21,5
6/23/2018,89,51,0,0,0,24,5.7
6/24/2018,70,51,0.13,0,0.13,17,4.1
6/25/2018,83,48,0,0,0,23,5.4
6/26/2018,97,56,0,0,0,31,7.5
6/27/2018,101,64,0,0,0,40,9.7
6/28/2018,105,63,0,0,0,35,8.5
6/29/2018,97,66,0,0,0,47,11.2
6/30/2018,76,51,0,0,0,30,7.1
7/1/2018,90,47,0,0,0,30,7.2
7/2/2018,95,56,0.02,0,0.02,37,8.8
7/3/2018,99,57,0,0,0,53,13.2
7/4/2018,93,58,0,0,0,56,14.4
7/8/2018,98,67,0,0,0,33,7.9
7/9/2018,95,63,0,0,0,27,6.5
7/10/2018,98,64,0,0,0,29,7
7/11/2018,96,60,0,0,0,33,7.9
7/12/2018,88,62,0,0,0,30,7.3
7/13/2018,90,61,0,0,0,28,6.7
7/14/2018,97,64,0,0,0,30,7.1
7/15/2018,75,59,0.21,0,0.21,30,7.1
7/16/2018,91,59,0.07,0,0.07,32,7.6
7/17/2018,88,60,0,0,0,27,6.4
7/18/2018,95,63,0,0,0,34,8.1
7/19/2018,98,64,0,0,0,37,8.8
7/20/2018,97,66,0,0,0,39,9.4
7/21/2018,97,68,0,0,0,42,10.1
7/22/2018,95,65,0,0,0,38,9
7/23/2018,78,63,0.43,0,0.43,33,7.9
7/24/2018,90,63,0.13,0,0.13,32,7.6
7/25/2018,80,60,0.08,0,0.08,33,8
7/26/2018,83,58,0.08,0,0.08,21,5.1
7/27/2018,85,58,0,0,0,27,6.4
7/28/2018,79,56,0.01,0,0.01,35,8.5
7/29/2018,84,56,0,0,0,35,8.3
7/30/2018,79,55,0,0,0,27,6.4
7/31/2018,87,54,0,0,0,34,8.1
8/1/2018,85,60,0,0,0,51,12.2
8/2/2018,93,56,0,0,0,64,18.2
8/3/2018,84,64,0.09,0,0.09,51,12.1
8/4/2018,95,62,0,0,0,35,8.3
8/5/2018,88,63,0,0,0,36,8.7
8/6/2018,84,58,0.31,0,0.31,35,8.5
8/7/2018,88,56,0.06,0,0.06,42,10.1
8/8/2018,83,57,0,0,0,34,8.1
8/9/2018,88,56,0,0,0,36,8.7
8/10/2018,88,62,0,0,0,38,9
8/11/2018,92,59,0,0,0,29,6.9
8/12/2018,90,61,0,0,0,48,11.4
8/13/2018,89,53,0,0,0,61,17
8/14/2018,84,58,0.38,0,0.38,45,10.7
8/15/2018,88,62,0,0,0,56,14.7
8/16/2018,89,59,0,0,0,62,17.5
8/17/2018,89,63,0,0,0,54,13.4
8/18/2018,79,57,0.07,0,0.07,34,8.2
8/19/2018,72,51,0.01,0,0.01,49,11.7
8/20/2018,76,46,0,0,0,112,40
8/21/2018,80,53,0,0,0,67,19.9
8/22/2018,81,56,0,0,0,57,15.1
8/23/2018,89,58,0,0,0,46,11
8/24/2018,90,61,0,0,0,68,20.2
8/25/2018,92,61,0,0,0,45,10.9
8/26/2018,94,60,0.01,0,0.01,10,2.3
8/27/2018,93,62,0,0,0,21,5.1
8/28/2018,75,50,0,0,0,36,8.7
8/29/2018,91,54,0,0,0,35,8.3
8/30/2018,92,60,0,0,0,26,6.3
8/31/2018,90,61,0,0,0,19,4.6
9/1/2018,88,53,0,0,0,15,3.7
9/2/2018,82,57,0,0,0,36,8.7
9/3/2018,82,58,0,0,0,33,8
9/4/2018,83,56,0,0,0,36,8.6
9/5/2018,70,54,0.07,0,0.07,29,6.9
9/6/2018,78,51,0,0,0,27,6.5
9/7/2018,75,52,0.01,0,0.01,23,5.4
9/8/2018,86,52,0,0,0,28,6.8
9/9/2018,88,55,0,0,0,22,5.3
9/10/2018,93,55,0,0,0,25,6
9/11/2018,93,60,0,0,0,27,6.5
9/12/2018,93,62,0,0,0,29,6.9
9/13/2018,96,64,0,0,0,22,5.3
9/14/2018,92,60,0,0,0,23,5.6
9/15/2018,94,58,0,0,0,27,6.5
9/16/2018,93,60,0,0,0,26,6.2
9/17/2018,92,64,0,0,0,33,8
9/18/2018,91,59,0,0,0,37,8.8
9/19/2018,84,59,0.08,0,0.08,37,8.9
9/20/2018,84,52,0.01,0,0.01,28,6.7
9/21/2018,79,44,0,0,0,25,5.9
9/22/2018,86,49,0,0,0,33,7.8
9/23/2018,88,56,0,0,0,31,7.5
9/24/2018,80,54,0.01,0,0.01,23,5.4
9/25/2018,64,36,0,0,0,16,3.9
9/26/2018,73,42,0,0,0,25,6.1
9/27/2018,80,49,0,0,0,30,7.1
9/28/2018,50,37,0,0,0,25,6.1
9/29/2018,84,36,0,0,0,30,7.2
9/30/2018,61,40,0,0,0,27,6.4
10/1/2018,71,43,0,0,0,54,13.4
10/2/2018,81,52,0,0,0,33,8
10/3/2018,86,47,0,0,0,24,5.7
10/4/2018,68,47,0,0,0,24,5.7
10/5/2018,75,37,0.08,0,0.08,27,6.5
10/6/2018,61,33,0.16,0.5,0.66,20,4.8
10/7/2018,47,38,0.31,0,0.31,20,4.7
10/8/2018,40,36,0.07,0,0.07,7,1.7
10/9/2018,38,34,0.03,0,0.03,13,3.1
10/10/2018,37,31,0,0,0,11,2.7
10/11/2018,48,34,0.01,0,0.01,42,10.1
10/12/2018,64,32,0,0,0,33,8
10/13/2018,63,26,0.02,0,0.02,13,3.2
10/14/2018,27,20,0.09,2.7,2.79,17,4
10/15/2018,48,18,0,0,0,19,4.5
10/17/2018,61,36,0,0,0,16,3.9
10/18/2018,69,40,0,0,0,13,3.2
10/19/2018,67,40,0,0,0,20,4.9
10/20/2018,70,38,0,0,0,20,4.8
10/21/2018,74,41,0,0,0,17,4
10/22/2018,74,44,0,0,0,25,6.1
10/23/2018,70,44,0,0,0,54,13.7
10/24/2018,60,42,0,0,0,44,10.5
10/25/2018,66,43,0,0,0,29,6.9
10/26/2018,69,37,0,0,0,25,6.1
10/27/2018,73,42,0,0,0,14,3.3
10/28/2018,77,34,0,0,0,18,4.2
10/29/2018,79,40,0,0,0,23,5.6
10/30/2018,43,33,0.22,0,0.22,16,3.8
10/31/2018,46,30,0,0,0,20,4.9
11/1/2018,55,34,0,0,0,18,4.4
11/2/2018,65,29,0,0,0,15,3.5
11/3/2018,54,30,0.03,0,0.03,11,2.6
11/4/2018,56,26,0,0,0,9,2.1
11/5/2018,56,27,0,0,0,12,2.9
11/6/2018,51,26,0,0,0,16,3.9
11/7/2018,44,27,0,0,0,36,8.7
11/8/2018,38,19,0,0,0,52,12.7
11/9/2018,49,15,0,0,0,52,12.5
11/10/2018,58,27,0,0,0,37,8.9
11/11/2018,30,22,0.17,1.8,1.97,15,3.6
11/12/2018,25,10,0.03,0.8,0.83,28,6.7
11/13/2018,48,12,0,0,0,26,6.3
11/14/2018,63,34,0,0,0,28,6.8
11/15/2018,59,31,0,0,0,34,8.2
11/16/2018,55,32,0,0,0,36,8.6
11/17/2018,34,20,0.04,0.2,0.24,8,2
11/18/2018,48,19,0,0,0,24,5.8
11/19/2018,49,21,0,0,0,33,7.9
11/20/2018,58,22,0,0,0,31,7.5
11/21/2018,61,30,0,0,0,21,5
11/22/2018,61,36,0,0,0,14,3.4
11/23/2018,53,29,0,0,0,7,1.7
11/24/2018,59,27,0.03,0.7,0.73,18,4.4
11/25/2018,41,17,0,0,0,12,2.8
11/26/2018,51,20,0,0,0,32,7.7
11/27/2018,55,24,0,0,0,48,11.4
11/28/2018,58,29,0,0,0,16,3.8
11/29/2018,49,29,0,0,0,34,8.2
11/30/2018,35,26,0.05,1,1.05,56,14.6
12/1/2018,44,20,0,0,0,33,8
12/2/2018,37,15,0,0,0,13,3.1
12/3/2018,34,19,0,0,0,33,8
12/4/2018,38,14,0,0,0,17,4
12/5/2018,49,16,0,0,0,26,6.2
12/6/2018,31,18,0,0,0,42,10.1
12/7/2018,43,18,0,0,0,61,16.7
12/8/2018,49,19,0,0,0,47,11.2
12/9/2018,45,17,0,0,0,43,10.3
12/10/2018,59,16,0,0,0,43,10.3
12/11/2018,59,26,0,0,0,23,5.4
12/12/2018,57,32,0,0,0,13,3.1
12/13/2018,40,21,0,0,0,14,3.4
12/14/2018,54,19,0,0,0,29,7
12/15/2018,55,28,0,0,0,42,10
12/16/2018,60,25,0,0,0,25,6
12/17/2018,59,26,0,0,0,46,11
12/18/2018,57,25,0,0,0,19,4.6
12/19/2018,50,28,0,0,0,13,3.1
12/20/2018,48,19,0,0,0,23,5.5
12/21/2018,63,24,0,0,0,13,3.2
12/22/2018,38,15,0,0,0,13,3
12/23/2018,52,11,0,0,0,12,2.9
12/24/2018,47,20,0,0,0,22,5.3
12/25/2018,47,20,0,0,0,37,8.9
12/26/2018,37,19,0,0,0,40,9.5
12/27/2018,30,13,0,0,0,15,3.6
12/28/2018,22,9,0,0,0,20,4.8
12/29/2018,39,5,0,0,0,38,9
12/30/2018,53,27,0,0,0,10,2.5
12/31/2018,32,0,0.03,0.5,0.53,18,4.3
1/3/2019,56,16,0,0,0,28,6.7
1/4/2019,62,30,0,0,0,38,9
1/5/2019,60,33,0,0,0,50,11.9
1/6/2019,58,30,0,0,0,38,9.2
1/7/2019,52,16,0,0,0,13,3
1/8/2019,50,22,0,0,0,26,6.3
1/9/2019,50,23,0,0,0,57,14.9
1/10/2019,61,28,0,0,0,52,12.7
1/11/2019,44,32,0.45,1,1.45,28,6.8
1/12/2019,35,17,0.03,0.3,0.33,30,7.2
1/13/2019,35,17,0,0,0,29,7
1/14/2019,43,20,0,0,0,18,4.4
1/15/2019,46,21,0,0,0,22,5.2
1/16/2019,46,29,0,0,0,28,6.7
1/17/2019,54,32,0,0,0,40,9.6
1/18/2019,41,23,0.08,0.3,0.38,43,10.3
1/19/2019,48,22,0,0,0,23,5.6
1/20/2019,55,33,0,0,0,20,4.8
1/21/2019,58,22,0,0.2,0.2,50,12
1/22/2019,30,13,0.01,1.1,1.11,13,3.1
1/23/2019,41,16,0,0,0,4,1
1/24/2019,29,12,0.11,1,1.11,25,5.9
1/25/2019,32,8,0,0,0,41,9.9
1/26/2019,42,19,0,0,0,14,3.4
1/27/2019,50,28,0,0,0,7,1.7
1/28/2019,31,7,0.07,2.3,2.37,15,3.5
1/29/2019,27,7,0,0,0,8,1.9
1/30/2019,48,9,0,0,0,41,9.9
1/31/2019,48,21,0,0,0,35,8.5
2/1/2019,54,28,0,0,0,25,5.9
2/2/2019,60,34,0,0,0,16,3.8
2/3/2019,65,37,0,0,0,14,3.3
2/4/2019,57,21,0,0,0,31,7.4
2/5/2019,49,18,0,0,0,66,19.2
2/6/2019,24,-3,0.14,3.1,3.24,37,8.9
2/10/2019,47,18,0,0,0,52,12.7
2/11/2019,34,11,0,0,0,66,19.1
2/12/2019,49,22,0,0,0,23,5.5
2/13/2019,60,26,0,0,0,28,6.7
2/14/2019,58,28,0,0,0,19,4.6
2/15/2019,57,22,0,0,0,43,10.2
2/16/2019,40,16,0.1,2,2.1,37,8.8
2/17/2019,29,11,0,0,0,16,3.9
2/21/2019,33,13,0,0,0,34,8.2
2/22/2019,28,21,0.41,6.8,7.21,60,16.2
2/23/2019,35,20,0.05,1.5,1.55,39,9.3
2/24/2019,35,10,0,0,0,12,2.8
2/25/2019,41,7,0,0,0,58,15.5
2/26/2019,46,18,0,0,0,89,30.4
2/27/2019,M,12,0.01,0,0.01,63,18
2/28/2019,50,20,0,0,0,66,19
3/1/2019,47,30,0,0,0,33,7.9
3/2/2019,33,1,0.19,3.2,3.39,30,7.1
3/5/2019,33,-1,0,0,0,8,1.8
3/6/2019,36,17,0.11,0,0.11,141,51.7
3/7/2019,51,22,0,0,0,72,21.9
3/8/2019,53,28,0.03,0,0.03,63,17.8
3/9/2019,48,27,0,0,0,7,1.6
3/10/2019,52,23,0,0,0,30,7.3
3/11/2019,54,29,0,0,0,42,10
3/12/2019,60,32,0,0,0,59,15.7
3/13/2019,43,26,0.64,7.1,7.74,8,1.9
3/14/2019,32,14,0,0,0,10,2.5
3/15/2019,39,14,0,0,0,19,4.6
3/16/2019,42,24,0,0,0,19,4.5
3/17/2019,49,26,0,0,0,22,5.3
3/18/2019,46,28,0,0,0,45,10.7
3/19/2019,46,27,0,0,0,28,6.7
3/20/2019,57,27,0,0,0,21,5.1
3/21/2019,60,30,0,0,0,18,4.4
3/22/2019,55,33,0.12,0,0.12,23,5.5
3/23/2019,45,31,0,0,0,16,3.9
3/24/2019,57,25,0.11,0,0.11,15,3.6
3/25/2019,56,31,0,0,0,43,10.2
3/26/2019,71,32,0,0,0,28,6.8
3/27/2019,73,44,0,0,0,28,6.8
3/28/2019,60,36,0,0,0,41,9.8
3/29/2019,42,31,0.13,1,1.13,19,4.5
3/30/2019,38,28,0.03,0.5,0.53,16,3.9
3/31/2019,49,25,0,0,0,29,7
4/1/2019,58,29,0,0,0,15,3.5
4/2/2019,55,32,0,0,0,33,7.9
4/3/2019,61,36,0,0,0,55,14
4/4/2019,66,35,0,0,0,27,6.4
4/5/2019,70,41,0,0,0,18,4.3
4/6/2019,69,44,0,0,0,15,3.5
4/7/2019,71,33,0,0,0,6,1.5
4/8/2019,76,38,0,0,0,15,3.5
4/9/2019,78,47,0,0,0,15,3.7
4/10/2019,56,17,0.15,2.2,2.35,13,3
4/11/2019,35,17,0.05,0.3,0.35,19,4.5
4/12/2019,41,23,0.01,0,0.01,22,5.2
4/13/2019,46,27,0.03,0,0.03,21,5.1
4/14/2019,66,28,0,0,0,10,2.4
4/15/2019,71,39,0,0,0,16,3.8
4/16/2019,69,34,0,0,0,24,5.7
4/17/2019,61,36,0.04,0,0.04,15,3.5
4/18/2019,62,36,0,0,0,9,2.2
4/19/2019,72,30,0,0,0,14,3.4
4/20/2019,80,48,0,0,0,14,3.4
4/21/2019,70,44,0.82,0,0.82,11,2.7
4/22/2019,46,40,0.01,0,0.01,14,3.4
4/23/2019,64,42,0,0,0,20,4.8
4/24/2019,72,44,0,0,0,19,4.5
4/25/2019,63,42,0,0,0,17,4.1
4/26/2019,77,43,0,0,0,23,5.4
4/27/2019,67,39,0,0,0,11,2.7
4/28/2019,78,41,0,0,0,14,3.4
4/29/2019,42,30,0.07,1,1.07,11,2.6
4/30/2019,39,32,0.07,0,0.07,27,6.4
5/1/2019,47,30,0.04,0,0.04,13,3.2
5/2/2019,64,31,0,0,0,13,3
5/3/2019,67,34,0,0,0,20,4.8
5/4/2019,72,41,0,0,0,24,5.8
5/5/2019,74,44,0,0,0,20,4.7
5/6/2019,70,46,0.03,0,0.03,26,6.3
5/7/2019,57,44,0.5,0,0.5,20,4.9
5/8/2019,51,33,0.26,0,0.26,9,2.1
5/9/2019,40,31,0.14,0.2,0.34,14,3.3
5/10/2019,56,31,0,0,0,35,8.4
5/11/2019,62,38,0.02,0,0.02,14,3.3
5/12/2019,72,38,0,0,0,18,4.3
5/13/2019,78,47,0,0,0,30,7.3
5/14/2019,80,49,0,0,0,28,6.8
5/15/2019,83,50,0,0,0,23,5.5
5/18/2019,62,37,0.03,0,0.03,10,2.4
5/19/2019,59,37,0.01,0,0.01,12,2.8
5/20/2019,44,32,1.07,3,4.07,8,1.8
5/21/2019,39,31,0.1,0.7,0.8,7,1.7
5/22/2019,51,30,0,0,0,15,3.6
5/23/2019,46,34,0,0,0,22,5.3
5/24/2019,71,34,0,0,0,14,3.4
5/25/2019,74,42,0,0,0,17,4.1
5/26/2019,76,46,0.65,0,0.65,26,6.3
5/27/2019,69,45,0,0,0,16,3.8
5/28/2019,59,41,0.34,0,0.34,10,2.3
5/29/2019,60,40,0.01,0,0.01,13,3.2
5/30/2019,68,42,0,0,0,30,7.2
5/31/2019,76,44,0,0,0,20,4.7
6/1/2019,73,49,0,0,0,26,6.3
6/2/2019,81,49,0,0,0,18,4.3
6/3/2019,82,50,0.09,0,0.09,22,5.3
6/4/2019,78,50,0,0,0,22,5.2
6/5/2019,78,50,0,0,0,22,5.3
6/6/2019,81,54,0,0,0,18,4.2
6/7/2019,86,55,0.15,0,0.15,27,6.4
6/8/2019,78,47,0.09,0,0.09,22,5.2
6/9/2019,63,42,0,0,0,9,2.1
6/10/2019,78,42,0,0,0,17,4.1
6/11/2019,78,49,0,0,0,24,5.8
6/12/2019,73,53,0,0,0,15,3.7
6/13/2019,86,49,0,0,0,20,4.7
6/14/2019,85,58,0,0,0,24,5.7
6/15/2019,79,50,0.02,0,0.02,24,5.8
6/16/2019,83,49,0.01,0,0.01,23,5.5
6/17/2019,75,49,0.08,0,0.08,24,5.8
6/18/2019,71,51,0.97,0,0.97,16,3.8
6/19/2019,83,50,0,0,0,20,4.7
6/22/2019,65,45,0.21,0,0.21,10,2.5
6/23/2019,65,44,0.01,0,0.01,10,2.3
6/24/2019,80,50,0,0,0,16,3.8
6/25/2019,83,51,0,0,0,21,5
6/26/2019,90,56,0,0,0,28,6.8
6/27/2019,94,53,0,0,0,28,6.7
6/28/2019,96,60,0,0,0,23,5.6
6/29/2019,96,66,0,0,0,19,4.6
6/30/2019,94,62,0.1,0,0.1,30,7.2
7/1/2019,85,62,0,0,0,28,6.7
7/2/2019,86,57,0,0,0,22,5.3
7/3/2019,92,54,0,0,0,26,6.2
7/4/2019,86,61,0.2,0,0.2,72,22
7/5/2019,81,59,0.1,0,0.1,38,9
7/6/2019,85,57,0,0,0,25,6.1
7/7/2019,90,57,0.58,0,0.58,20,4.7
7/8/2019,85,58,0,0,0,20,4.9
7/9/2019,91,54,0,0,0,20,4.9
7/10/2019,86,52,0,0,0,25,6.1
7/11/2019,96,63,0,0,0,31,7.5
7/12/2019,94,61,0.07,0,0.07,31,7.4
7/13/2019,97,57,0.06,0,0.06,33,8
7/14/2019,92,64,0,0,0,21,5
7/15/2019,92,62,0,0,0,27,6.5
7/16/2019,96,60,0,0,0,25,6
7/17/2019,97,72,0,0,0,27,6.4
7/18/2019,99,63,0,0,0,27,6.5
7/19/2019,101,61,0,0,0,27,6.5
7/20/2019,87,62,0.01,0,0.01,33,7.9
7/21/2019,88,58,0,0,0,26,6.3
7/22/2019,87,57,1.1,0,1.1,28,6.7
7/23/2019,90,61,0,0,0,34,8.2
7/24/2019,95,64,0,0,0,27,6.4
7/25/2019,90,64,0,0,0,26,6.2
7/26/2019,94,62,0,0,0,23,5.6
7/27/2019,89,65,0,0,0,25,6
7/28/2019,90,60,0,0,0,21,5
7/29/2019,94,57,0,0,0,25,6.1
7/30/2019,96,64,0.01,0,0.01,36,8.6
7/31/2019,92,64,0.29,0,0.29,38,9
8/1/2019,89,61,0.07,0,0.07,32,7.7
8/2/2019,89,61,0,0,0,28,6.6
8/3/2019,94,62,0,0,0,25,5.9
8/4/2019,95,68,0,0,0,15,3.6
8/5/2019,89,63,0,0,0,23,5.4
8/6/2019,97,61,0,0,0,27,6.4
8/7/2019,92,64,0.05,0,0.05,37,8.8
8/8/2019,84,63,0.46,0,0.46,30,7.3
8/9/2019,92,63,0,0,0,23,5.4
8/10/2019,84,61,0,0,0,23,5.4
8/11/2019,86,64,0,0,0,22,5.2
8/12/2019,89,56,0,0,0,20,4.8
8/13/2019,88,60,0,0,0,25,6
8/14/2019,93,55,0,0,0,27,6.4
8/15/2019,95,61,0,0,0,25,6
8/16/2019,90,57,0,0,0,36,8.7
8/17/2019,93,63,0,0,0,23,5.6
8/18/2019,95,55,0,0,0,33,7.8
8/19/2019,99,61,0,0,0,32,7.7
8/20/2019,98,64,0,0,0,38,9.1
8/21/2019,83,59,0,0,0,34,8.1
8/22/2019,93,57,0,0,0,23,5.6
8/23/2019,92,65,0,0,0,28,6.7
8/24/2019,88,55,0,0,0,25,5.9
8/25/2019,97,63,0,0,0,22,5.3
8/26/2019,80,57,0,0,0,25,6
8/27/2019,78,56,0,0,0,25,6
8/28/2019,92,51,0,0,0,28,6.8
8/29/2019,94,62,0,0,0,34,8.1
8/30/2019,88,56,0,0,0,45,10.7
8/31/2019,91,61,0,0,0,36,8.7
9/1/2019,98,64,0,0,0,35,8.3
9/2/2019,100,66,0,0,0,25,6.1
9/3/2019,83,62,0,0,0,31,7.5
9/4/2019,92,61,0,0,0,31,7.4
9/5/2019,98,66,0,0,0,26,6.2
9/6/2019,84,64,0.14,0,0.14,39,9.3
9/7/2019,89,60,0,0,0,20,4.8
9/8/2019,79,51,0.26,0,0.26,17,4
9/9/2019,83,54,0,0,0,24,5.8
9/10/2019,89,58,0,0,0,34,8.2
9/11/2019,82,52,0,0,0,35,8.5
9/12/2019,76,48,0,0,0,16,3.9
9/13/2019,81,45,0,0,0,28,6.7
9/14/2019,89,53,0,0,0,22,5.2
9/15/2019,90,56,0,0,0,21,5
9/16/2019,89,61,0,0,0,23,5.5
9/17/2019,88,57,0,0,0,20,4.9
9/18/2019,84,46,0,0,0,30,7.2
9/19/2019,87,53,0,0,0,30,7.1
9/20/2019,88,56,0,0,0,25,5.9
9/21/2019,80,46,0.01,0,0.01,22,5.2
9/22/2019,75,40,0,0,0,15,3.7
9/23/2019,82,48,0,0,0,23,5.6
9/24/2019,85,54,0,0,0,24,5.8
9/25/2019,80,49,0,0,0,28,6.7
9/26/2019,89,43,0,0,0,28,6.7
9/27/2019,79,46,0,0,0,23,5.6
9/28/2019,80,41,0,0,0,21,5
9/29/2019,89,46,0,0,0,15,3.6
9/30/2019,76,50,0,0,0,18,4.2
10/1/2019,53,42,0.05,0,0.05,12,2.8
10/2/2019,65,40,0.04,0,0.04,14,3.3
10/3/2019,70,44,0,0,0,25,6.1
10/4/2019,81,40,0,0,0,44,10.6
10/5/2019,67,37,0,0,0,18,4.2
10/6/2019,62,40,0,0,0,13,3.2
10/7/2019,78,39,0,0,0,28,6.7
10/8/2019,80,46,0,0,0,24,5.7
10/9/2019,83,28,0.01,0,0.01,27,6.5
10/10/2019,29,13,0.19,1,1.19,13,3.1
10/12/2019,67,27,0,0,0,26,6.3
10/13/2019,73,35,0,0,0,13,3.2
10/14/2019,75,39,0,0,0,28,6.6
10/15/2019,59,32,0,0,0,25,6.1
10/16/2019,80,37,0,0,0,35,8.4
10/17/2019,81,51,0,0,0,26,6.2
10/18/2019,63,30,0,0,0,26,6.3
10/19/2019,63,27,0,0,0,19,4.6
10/21/2019,53,28,0,0,0,11,2.6
10/22/2019,64,23,0,0,0,10,2.4
10/23/2019,53,31,0.01,0,0.01,20,4.8
10/24/2019,42,25,0,0,0,20,4.8
10/25/2019,64,28,0,0,0,15,3.6
10/26/2019,76,29,0,0,0,15,3.6
10/27/2019,29,17,0.13,1.8,1.93,10,2.3
10/29/2019,18,7,0.22,6.6,6.82,10,2.4
10/31/2019,42,7,0,0,0,10,2.3
11/1/2019,34,16,0,0,0,51,12.1
11/2/2019,44,16,0,0,0,63,17.6
11/3/2019,53,23,0,0,0,45,10.7
11/4/2019,50,29,0,0,0,38,9.1
11/5/2019,58,29,0,0,0,76,23.8
11/6/2019,60,26,0,0,0,20,4.9
11/7/2019,49,23,0,0,0,40,9.5
11/8/2019,70,25,0,0,0,29,6.9
11/9/2019,77,39,0,0,0,18,4.3
11/10/2019,66,23,0.01,0,0.01,17,4.1
11/11/2019,24,10,0.03,1.2,1.23,21,5.1
11/12/2019,64,16,0,0,0,8,1.9
11/13/2019,55,29,0,0,0,11,2.7
11/14/2019,55,29,0,0,0,19,4.5
11/15/2019,67,33,0,0,0,46,11
11/16/2019,64,34,0,0,0,15,3.5
11/17/2019,59,23,0,0,0,12,2.8
11/18/2019,67,37,0,0,0,13,3.2
11/19/2019,65,35,0,0,0,33,7.8
11/20/2019,51,29,0.14,0.5,0.64,31,7.5
11/21/2019,29,25,0.04,0,0.04,14,3.4
11/22/2019,32,25,0.13,2,2.13,25,6
11/23/2019,56,27,0,0,0,23,5.4
11/24/2019,64,30,0,0,0,11,2.6
11/25/2019,49,25,0.12,1,1.12,17,4.1
11/26/2019,25,1,0.8,8.5,9.3,13,3.2
11/30/2019,34,8,0,0,0,13,3.1
12/1/2019,29,8,0,0,0,51,12.3
12/3/2019,51,27,0,0,0,20,4.7
12/4/2019,48,31,0,0,0,60,16.3
12/5/2019,41,30,0.12,0,0.12,30,7.3
12/6/2019,43,24,0,0,0,58,15.6
12/7/2019,58,28,0,0,0,27,6.5
12/8/2019,56,34,0,0,0,10,2.3
12/9/2019,38,20,0,0,0,20,4.7
12/10/2019,40,16,0,0,0,61,16.9
12/11/2019,51,24,0,0,0,49,11.8
12/12/2019,52,28,0,0,0,25,6
12/13/2019,47,24,0,0,0,17,4.1
12/14/2019,37,21,0,0,0,31,7.5
12/15/2019,31,17,0,0,0,40,9.7
12/16/2019,32,16,0,0,0,31,7.4
12/17/2019,42,15,0,0,0,26,6.2
12/18/2019,57,27,0,0,0,33,7.9
12/19/2019,44,20,0,0,0,38,9.2
12/20/2019,54,17,0,0,0,33,7.8
12/21/2019,65,29,0,0,0,23,5.6
12/22/2019,67,36,0,0,0,25,6.1
12/23/2019,62,37,0,0,0,40,9.7
12/24/2019,51,33,0,0,0,35,8.4
12/25/2019,54,23,0,0,0,17,4.1
12/26/2019,39,17,0,0,0,43,10.3
12/27/2019,35,20,0,0,0,62,17.4
12/28/2019,29,20,0.18,2.8,2.98,22,5.3
12/29/2019,30,3,0,0,0,17,4.1
12/30/2019,31,3,0,0,0,3,0.7
12/31/2019,44,18,0,0,0,31,7.5
1/1/2020,50,24,0,0,0,20,4.8
1/2/2020,45,27,0,0,0,11,2.6
1/3/2020,48,19,0,0,0,11,2.7
1/4/2020,62,28,0,0,0,13,3.1
1/5/2020,45,23,0,0,0,8,2
1/6/2020,43,23,0,0,0,10,2.4
1/7/2020,58,27,0,0,0,17,4
1/8/2020,62,28,0,0,0,17,4.1
1/9/2020,43,24,0,0,0,10,2.5
1/10/2020,31,9,0,0,0,18,4.2
1/11/2020,43,7,0,0,0,8,1.8
1/12/2020,44,20,0,0,0,13,3
1/13/2020,46,15,0,0,0,25,6
1/14/2020,58,19,0,0,0,45,10.9
1/15/2020,47,15,0,0,0,17,4
1/16/2020,37,18,0,0,0,43,10.4
1/17/2020,55,19,0,0,0,33,8
1/18/2020,45,12,0,0,0,19,4.5
1/19/2020,46,11,0,0,0,35,8.3
1/20/2020,52,18,0,0,0,39,9.4
1/21/2020,52,30,0,0,0,83,27.5
1/22/2020,54,30,0,0,0,16,3.9
1/23/2020,42,27,0,0,0,15,3.7
1/24/2020,57,19,0,0,0,31,7.5
1/25/2020,54,30,0,0,0,24,5.8
1/26/2020,53,23,0,0,0,17,4
1/27/2020,41,24,0.13,0.5,0.63,30,7.3
1/28/2020,41,22,0,0,0,23,5.5
1/29/2020,41,24,0,0,0,25,6
1/30/2020,40,20,0.01,0.4,0.41,33,7.9
1/31/2020,53,20,0,0,0,12,2.8
2/1/2020,67,34,0,0,0,7,1.6
2/2/2020,74,29,0,0,0,7,1.6
2/3/2020,30,12,0.07,2.5,2.57,8,1.8
2/6/2020,37,16,0.15,3,3.15,13,3.1
2/7/2020,28,19,0.14,2.3,2.44,14,3.4
2/8/2020,47,13,0,0,0,66,19.3
2/9/2020,33,8,0.09,0.9,0.99,14,3.4
2/10/2020,30,8,0.11,1.8,1.91,38,9.1
2/11/2020,32,3,0,0,0,54,13.5
2/12/2020,33,19,0.19,5,5.19,31,7.5
2/13/2020,26,8,0,0,0,29,6.9
2/14/2020,56,7,0,0,0,24,5.7
2/15/2020,37,17,0,0,0,25,5.9
2/16/2020,48,22,0,0,0,56,14.6
2/17/2020,37,21,0.01,0.1,0.11,35,8.4
2/18/2020,33,16,0,0,0,18,4.4
2/19/2020,21,13,0.07,0.6,0.67,30,7.2
2/20/2020,31,3,0,0,0,7,1.7
2/21/2020,46,16,0,0,0,33,8
2/22/2020,50,29,0,0,0,39,9.3
2/23/2020,42,29,0,0,0,23,5.6
2/24/2020,42,28,0,0,0,11,2.6
2/25/2020,30,14,0,0,0,12,2.9
2/26/2020,41,10,0,0,0,10,2.4
2/27/2020,49,27,0,0,0,12,2.9
2/28/2020,56,31,0,0,0,18,4.3
3/1/2020,44,26,0.03,0.3,0.33,15,3.7
3/2/2020,51,17,0.01,0.2,0.21,35,8.5
3/3/2020,60,26,0,0,0,19,4.5
3/4/2020,65,29,0,0,0,13,3.2
3/5/2020,53,22,0,0,0,14,3.3
3/6/2020,68,27,0,0,0,22,5.3
3/7/2020,68,38,0,0,0,15,3.5
3/8/2020,68,38,0.3,0,0.3,14,3.3
3/9/2020,59,37,0,0,0,19,4.6
3/10/2020,63,32,0,0,0,13,3.2
3/11/2020,68,32,0,0,0,13,3.2
3/12/2020,53,34,0,0,0,13,3.2
3/13/2020,40,28,0.02,0,0.02,20,4.7
3/14/2020,49,28,0,0,0,30,7.3
3/15/2020,59,32,0,0,0,48,11.4
3/16/2020,59,30,0,0,0,25,6.1
3/17/2020,59,33,0,0,0,32,7.7
3/18/2020,67,32,0,0,0,21,5
3/19/2020,41,22,0.74,6,6.74,6,1.5
3/20/2020,30,16,0,0,0,38,9
3/21/2020,44,11,0,0,0,43,10.3
3/22/2020,52,31,0,0,0,12,2.9
3/23/2020,58,32,0,0,0,13,3
3/24/2020,63,30,0,0,0,13,3.2
3/25/2020,67,36,0,0,0,16,3.8
3/26/2020,52,32,0,0,0,29,7
3/27/2020,44,29,0.16,1,1.16,19,4.5
3/28/2020,51,28,0,0,0,8,2
3/29/2020,55,27,0,0,0,9,2.1
3/30/2020,58,33,0,0,0,15,3.6
3/31/2020,67,31,0,0,0,16,3.8
4/1/2020,69,36,0.01,0,0.01,15,3.5
4/2/2020,37,16,0.05,0.8,0.85,11,2.6
4/4/2020,59,24,0,0,0,15,3.6
4/5/2020,70,34,0,0,0,16,3.8
4/6/2020,73,40,0,0,0,14,3.4
4/7/2020,73,41,0,0,0,18,4.2
4/8/2020,69,35,0,0,0,18,4.4
4/9/2020,58,31,0,0,0,27,6.4
4/10/2020,73,37,0,0,0,19,4.6
4/11/2020,70,34,0,0,0,13,3.1
4/12/2020,34,19,0.03,0.1,0.13,13,3.1
4/13/2020,25,15,0.08,0.9,0.98,7,1.7
4/14/2020,46,11,0,0,0,6,1.5
4/15/2020,54,22,0.02,0,0.02,15,3.6
4/16/2020,32,19,0.25,1.9,2.15,22,5.2
4/17/2020,56,12,0,0,0,13,3
4/18/2020,58,33,0,0,0,33,8
4/19/2020,63,34,0,0,0,16,3.9
4/20/2020,65,32,0,0,0,21,5
4/21/2020,69,38,0,0,0,21,5.1
4/22/2020,67,41,0,0,0,22,5.2
4/23/2020,69,40,0.04,0,0.04,12,2.9
4/24/2020,60,38,0.06,0,0.06,8,1.9
4/25/2020,64,38,0,0,0,14,3.3
4/26/2020,74,43,0,0,0,12,2.9
4/27/2020,79,41,0,0,0,17,4
4/28/2020,73,40,0,0,0,14,3.4
4/29/2020,71,38,0,0,0,17,4
4/30/2020,81,44,0,0,0,24,5.7
5/1/2020,85,49,0,0,0,22,5.3
5/2/2020,68,49,0.35,0,0.35,20,4.7
5/3/2020,73,44,0,0,0,21,5
5/4/2020,68,36,0,0,0,13,3
5/5/2020,71,30,0,0,0,14,3.4
5/6/2020,73,31,0,0,0,19,4.6
5/7/2020,72,38,0,0,0,23,5.4
5/8/2020,63,33,0,0,0,11,2.6
5/9/2020,60,39,0,0,0,15,3.6
5/10/2020,65,33,0,0,0,15,3.6
5/11/2020,53,36,0.11,0,0.11,40,9.6
5/12/2020,76,39,0,0,0,45,10.7
5/13/2020,79,41,0,0,0,26,6.2
5/14/2020,70,47,0.02,0,0.02,20,4.7
5/15/2020,70,47,0.14,0,0.14,17,4
5/16/2020,70,48,0,0,0,26,6.3
5/17/2020,77,41,0,0,0,23,5.5
5/18/2020,88,50,0,0,0,31,7.4
5/19/2020,92,54,0,0,0,28,6.7
5/20/2020,90,54,0,0,0,25,6
5/21/2020,75,45,0,0,0,24,5.7
5/22/2020,83,45,0,0,0,21,5
5/23/2020,80,49,0,0,0,31,7.5
5/24/2020,65,43,0.94,0,0.94,20,4.8
5/25/2020,65,40,0,0,0,31,7.5
5/26/2020,77,44,0,0,0,16,3.9
5/27/2020,82,50,0.03,0,0.03,17,4.1
5/28/2020,74,54,0.06,0,0.06,22,5.2
5/29/2020,88,53,0,0,0,21,5
5/30/2020,83,56,0,0,0,21,5
5/31/2020,89,53,0,0,0,26,6.3
6/1/2020,93,59,0,0,0,20,4.7
6/2/2020,89,60,0,0,0,23,5.5
6/3/2020,92,53,0,0,0,29,7
6/4/2020,90,59,0,0,0,26,6.3
6/5/2020,96,59,0,0,0,32,7.7
6/6/2020,90,56,0.05,0,0.05,77,24.4
6/7/2020,92,51,0,0,0,28,6.8
6/8/2020,80,44,0,0,0,21,5
6/9/2020,68,42,0.46,0,0.46,12,2.8
6/10/2020,77,41,0,0,0,13,3.2
6/11/2020,83,52,0,0,0,18,4.2
6/12/2020,91,54,0,0,0,21,5
6/13/2020,92,57,0.03,0,0.03,29,6.9
6/14/2020,93,63,0,0,0,25,6
6/15/2020,93,51,0,0,0,33,7.9
6/16/2020,96,59,0,0,0,38,9.2
6/17/2020,96,56,0,0,0,54,13.7
6/18/2020,71,52,0.03,0,0.03,23,5.6
6/19/2020,68,51,0.06,0,0.06,44,10.6
6/20/2020,86,46,0,0,0,31,7.4
6/21/2020,85,56,0,0,0,20,4.7
6/22/2020,84,56,0,0,0,19,4.6
6/23/2020,88,52,0,0,0,25,6
6/24/2020,94,57,0.02,0,0.02,45,10.7
6/25/2020,96,57,0,0,0,32,7.6
6/26/2020,83,57,0.06,0,0.06,25,6
6/27/2020,92,54,0,0,0,30,7.3
6/28/2020,93,65,0,0,0,30,7.1
6/29/2020,96,59,0,0,0,53,13
6/30/2020,85,53,0,0,0,27,6.5
7/1/2020,88,52,0,0,0,28,6.6
7/2/2020,97,59,0,0,0,50,12
7/3/2020,94,62,0,0,0,31,7.5
7/4/2020,93,61,0.07,0,0.07,38,9
7/5/2020,92,59,0,0,0,52,12.7
7/6/2020,97,55,0,0,0,25,5.9
7/7/2020,99,67,0,0,0,24,5.7
7/8/2020,98,56,0,0,0,23,5.4
7/9/2020,95,62,0.03,0,0.03,38,9.2
7/10/2020,99,62,0,0,0,37,8.9
7/11/2020,95,65,0,0,0,30,7.3
7/12/2020,97,66,0,0,0,32,7.6
7/14/2020,80,60,0.04,0,0.04,31,7.5
7/15/2020,79,60,0,0,0,28,6.6
7/16/2020,96,58,0,0,0,30,7.2
7/17/2020,98,64,0,0,0,24,5.7
7/18/2020,99,66,0,0,0,22,5.2
7/19/2020,92,59,0,0,0,35,8.5
7/20/2020,93,63,0,0,0,36,8.6
7/21/2020,92,58,0,0,0,37,8.8
7/22/2020,97,59,0,0,0,28,6.7
7/23/2020,93,65,0,0,0,28,6.7
7/24/2020,92,66,0.27,0,0.27,22,5.2
7/25/2020,89,62,0.24,0,0.24,15,3.7
7/26/2020,83,61,0,0,0,19,4.6
7/27/2020,87,56,0,0,0,23,5.5
7/28/2020,88,61,0.03,0,0.03,23,5.6
7/29/2020,93,61,0,0,0,18,4.3
7/30/2020,80,58,0.01,0,0.01,16,3.8
7/31/2020,90,53,0.11,0,0.11,20,4.9
8/1/2020,91,56,0.02,0,0.02,20,4.9
8/2/2020,88,57,0,0,0,23,5.6
8/3/2020,90,58,0,0,0,33,8
8/4/2020,94,61,0,0,0,32,7.6
8/5/2020,95,58,0,0,0,38,9
8/6/2020,92,61,0,0,0,34,8.1
8/7/2020,97,67,0,0,0,22,5.3
8/8/2020,97,65,0,0,0,30,7.1
8/9/2020,98,62,0,0,0,42,10.1
8/10/2020,88,60,0,0,0,52,12.4
8/11/2020,97,64,0,0,0,52,12.7
8/12/2020,97,55,0,0,0,49,11.7
8/13/2020,96,61,0,0,0,57,15.1
8/14/2020,92,59,0,0,0,63,17.6
8/15/2020,93,57,0,0,0,52,12.6
8/16/2020,96,64,0,0,0,53,13.1
8/17/2020,98,65,0,0,0,52,12.5
8/18/2020,100,67,0,0,0,55,14.1
8/19/2020,95,64,0,0,0,52,12.7
8/20/2020,93,61,0.07,0,0.07,58,15.6
8/21/2020,94,61,0,0,0,76,23.9
8/22/2020,97,65,0,0,0,94,32.6
8/23/2020,98,60,0,0,0,93,31.9
8/24/2020,98,68,0,0,0,84,27.7
8/25/2020,98,68,0,0,0,69,20.7
8/26/2020,97,65,0.15,0,0.15,53,13
8/27/2020,96,59,0,0,0,33,8
8/28/2020,80,58,0.01,0,0.01,44,10.5
8/29/2020,79,53,0,0,0,28,6.8
8/30/2020,91,53,0,0,0,28,6.6
8/31/2020,82,46,0.1,0,0.1,30,7.1
9/1/2020,80,51,0,0,0,29,6.9
9/2/2020,92,52,0,0,0,44,10.6
9/3/2020,89,56,0,0,0,52,12.7
9/4/2020,91,58,0,0,0,56,14.7
9/5/2020,101,61,0,0,0,33,8
9/6/2020,97,67,0,0,0,82,26.8
9/7/2020,93,43,0.15,0,0.15,84,27.9
9/8/2020,43,31,0.72,1,1.72,4,1
9/9/2020,42,31,0.02,0,0.02,16,3.8
9/10/2020,54,35,0.01,0,0.01,34,8.2
9/11/2020,70,37,0,0,0,32,7.6
9/12/2020,81,47,0,0,0,14,3.4
9/14/2020,89,53,0,0,0,26,6.2
9/15/2020,89,58,0,0,0,47,11.2
9/16/2020,75,54,0,0,0,88,29.9
9/17/2020,86,51,0,0,0,96,33.4
9/18/2020,86,51,0,0,0,97,33.9
9/19/2020,90,57,0,0,0,58,15.3
9/20/2020,86,53,0,0,0,55,14.1
9/21/2020,88,51,0,0,0,52,12.7
9/22/2020,87,56,0,0,0,38,9.2
9/23/2020,86,57,0,0,0,52,12.4
9/24/2020,91,59,0,0,0,44,10.5
9/25/2020,87,61,0,0,0,55,14
9/26/2020,88,54,0,0,0,65,18.8
9/27/2020,56,42,0.03,0,0.03,23,5.6
9/28/2020,62,37,0,0,0,25,5.9
9/29/2020,81,48,0,0,0,69,20.5
9/30/2020,74,44,0,0,0,55,13.8
10/1/2020,68,42,0,0,0,59,15.7
10/2/2020,76,43,0,0,0,59,15.9
10/3/2020,66,42,0,0,0,45,10.8
10/4/2020,83,44,0,0,0,41,9.9
10/5/2020,83,45,0,0,0,61,16.9
10/6/2020,87,43,0,0,0,61,16.7
10/7/2020,84,51,0,0,0,74,23
10/8/2020,85,47,0,0,0,83,27.5
10/9/2020,85,55,0,0,0,54,13.7
10/10/2020,86,46,0,0,0,77,24.7
10/11/2020,79,37,0,0,0,47,11.3
10/12/2020,76,32,0,0,0,19,4.5
10/13/2020,81,39,0,0,0,33,7.8
10/14/2020,80,42,0,0,0,72,22.2
10/15/2020,53,27,0,0,0,29,6.9
10/16/2020,70,22,0,0,0,24,5.7
10/17/2020,70,38,0,0,0,27,6.5
10/18/2020,50,28,0,0,0,19,4.5
10/19/2020,66,30,0,0,0,57,15
10/20/2020,66,36,0,0,0,33,8
10/21/2020,78,35,0,0,0,53,13.2
10/22/2020,54,22,0,0,0,29,6.9
10/24/2020,54,20,0,0,0,62,17.1
10/25/2020,24,8,0.18,2.9,3.08,16,3.8
10/26/2020,16,4,0.08,1.1,1.18,34,8.2
10/27/2020,43,8,0,0,0,59,15.8
10/28/2020,53,28,0,0,0,23,5.6
10/29/2020,68,32,0,0,0,32,7.7
10/30/2020,70,38,0,0,0,31,7.4
10/31/2020,65,31,0,0,0,23,5.5
11/1/2020,68,31,0,0,0,53,12.9
11/2/2020,77,41,0,0,0,36,8.6
11/3/2020,79,48,0,0,0,41,9.8
11/4/2020,77,47,0,0,0,26,6.2
11/5/2020,77,46,0,0,0,33,7.8
11/6/2020,74,44,0,0,0,53,12.9
11/7/2020,73,53,0,0,0,21,5
11/8/2020,60,41,0,0,0,12,2.8
11/9/2020,43,25,0.05,0,0.05,21,5
11/10/2020,48,16,0,0,0,15,3.6
11/11/2020,49,15,0,0,0,18,4.3
11/12/2020,45,18,0,0,0,19,4.6
11/13/2020,64,20,0,0,0,18,4.3
11/14/2020,51,26,0.01,0,0.01,8,2
11/15/2020,59,16,0,0,0,8,1.8
11/16/2020,68,31,0,0,0,20,4.8
11/17/2020,76,33,0,0,0,20,4.9
11/18/2020,74,44,0,0,0,30,7.2
11/19/2020,65,32,0,0,0,31,7.4
11/20/2020,56,29,0,0,0,11,2.7
11/21/2020,49,28,0,0,0,34,8.2
11/22/2020,51,19,0,0,0,33,8
11/23/2020,66,27,0,0,0,62,17.2
11/24/2020,42,18,0.44,5,5.44,18,4.2
11/25/2020,45,14,0,0,0,62,17.5
11/26/2020,40,18,0,0,0,23,5.6
11/27/2020,40,18,0,0,0,49,11.7
11/28/2020,51,25,0,0,0,20,4.8
11/29/2020,37,19,0,0,0,15,3.7
11/30/2020,57,18,0,0,0,19,4.6
12/1/2020,42,25,0,0,0,13,3.2
12/2/2020,32,17,0,0,0,13,3.1
12/3/2020,47,18,0,0,0,22,5.3
12/4/2020,59,29,0,0,0,25,6.1
12/5/2020,52,28,0,0,0,17,4
12/6/2020,61,25,0,0,0,14,3.3
12/7/2020,59,32,0,0,0,17,4
12/8/2020,65,31,0,0,0,27,6.4
12/9/2020,68,34,0,0,0,31,7.5
12/10/2020,43,27,0.05,0.5,0.55,26,6.3
12/11/2020,27,12,0.11,0.7,0.81,23,5.5
12/12/2020,24,6,0.16,2,2.16,61,16.9
12/13/2020,29,8,0.01,1.1,1.11,38,9.2
12/14/2020,32,5,0.05,0.3,0.35,63,17.7
12/15/2020,32,8,0.03,0.5,0.53,29,7
12/16/2020,40,18,0,0,0,17,4.1
12/17/2020,47,21,0,0,0,51,12.1
12/18/2020,38,18,0,0,0,35,8.4
12/19/2020,44,16,0,0,0,10,2.5
12/20/2020,49,17,0,0,0,5,1.3
12/21/2020,57,34,0,0,0,9,2.2
12/22/2020,63,28,0,0,0,7,1.7
12/23/2020,30,13,0,0,0,6,1.5
12/24/2020,52,19,0,0,0,7,1.7
12/25/2020,60,31,0,0,0,18,4.2
12/26/2020,61,29,0,0,0,9,2.1
12/27/2020,46,26,0,0,0,5,1.3
12/28/2020,30,25,0.16,1.9,2.06,30,7.1
12/29/2020,33,15,0,0,0,48,11.5
12/30/2020,44,7,0,0,0,32,7.6
12/31/2020,43,19,0,0,0,69,20.6
